-- ============================
-- Fake Data
-- ===========================
-- PLAYERS
-- ===========================
INSERT INTO Player (player_id, nickname, trophy_road, deck_id, stats_royale, clan_id, king_level) VALUES
(1,'ShadowBlade',9150,1,2650,1,15),
(2,'ArcherQueen',7880,2,3290,NULL,14),
(3,'Frostbite',7230,3,2295,5,13),
(4,'IronGiant',8410,4,2260,3,14),
(5,'LavaLord',7840,5,2830,4,15),
(6,'BlueMage',7850,6,2420,9,14),
(7,'Horseman',9210,7,2480,7,13),
(8,'SambaKing',8070,8,2405,8,14),
(9,'TigerEye',9155,9,2350,9,15),
(10,'Ottoman',7510,10,2610,10,14),
(11,'Northern',7390,11,2990,NULL,14),
(12,'BlizzardX',9360,12,2090,12,15),
(13,'Highlander',8700,13,2710,13,14),
(14,'NightWatch',9150,14,2950,14,15),
(15,'RoyalAce',8670,15,2370,15,14),
(16,'Anatolian',8680,16,3090,16,13),
(17,'Rhino',7765,17,2575,17,13),
(18,'CorePlayer',7325,18,2150,18,13),
(19,'SteppeRider',7060,19,2750,19,13),
(20,'Amazonian',9970,20,3220,13,15),
(21,'RisingSun',7470,1,2565,21,14),
(22,'EuroKnight',7640,2,2975,22,13),
(23,'Bosporus',9730,3,2855,24,15),
(24,'USAGeneral',8040,4,2070,NULL,13),
(25,'WorldChamp',9800,5,2475,26,14),
(26,'RedFang',7400,6,2845,2,14),
(27,'MegaDrake',8010,7,2175,NULL,15),
(28,'LogRider',7930,8,2365,4,14),
(29,'BarbarianKing',7800,9,2295,6,13),
(30,'GiantSlayer',8790,10,3050,7,15),
(31,'IceArcher',7325,11,2485,8,14),
(32,'RoyalMage',8310,12,3350,9,15),
(33,'GraveMaster',7120,13,2800,10,13),
(34,'HunterX',7935,999,3180,11,14),
(35,'SkeletonKing',7140,999,2700,12,13),
(36,'GoblinLord',7960,999,3110,13,14),
(37,'MegaKnight',9790,999,2210,14,15),
(38,'RoyalGhost',9080,999,3300,15,14),
(39,'NovicePlayer',2450,999,520,16,9),
(40,'Beginner',4100,999,560,NULL,11);



-- ===========================
-- CLANS
-- ===========================
INSERT INTO Clan (clan_id, clan_tag, clan_name, location, clan_score, members_count, required_trophies, donations_weekly) VALUES
(1,'Z4rde','StormRiders','Global',5200,25,6500,1750),
(2,'w6s9y','RedLegion','Russia',4100,18,6000,1600),
(3,'n6g1U','FrostPeak','Russia',3700,49,6400,1200),
(4,'x7BfM','IronFist','USA',4550,26,6200,1300),
(5,'Q2pTz','KazakhKnights','Kazakhstan',3800,43,0,1400),
(6,'K0dCr','BlueSouls','Europe',4200,29,6100,1500),
(7,'b0WqA','LavaLords','LatinAmerica',4900,20,6000,1100),
(8,'m3JtN','SambaStorm','Brazil',3600,34,6300,1450),
(9,'t9FvR','TigerClan','Asia',4700,22,0,1650),
(10,'rQ7sL','OttomanEcho','Turkey',3000,38,5900,1250),
(11,'a1BzY','NorthernLight','Global',4050,38,6000,1800),
(12,'P8hLm','Blizzard','Russia',2800,14,6100,900),
(13,'S6xYv','Highlanders','USA',4350,11,5000,1050),
(14,'e4RkJ','NightWatch','Global',2750,49,0,1500),
(15,'u2CqP','RoyalGuard','Europe',4750,40,6500,1200),
(16,'G5vWn','Anatolia','Turkey',4450,31,5800,1700),
(17,'h7KdS','SambaBr','Brazil',3300,48,5900,1300),
(18,'oLoae','GlobalCore','Global',3100,14,5000,1350),
(19,'L9mFt','SteppeForce','Kazakhstan',3950,44,0,1200),
(20,'V2pGq','AmazonFury','LatinAmerica',4950,31,6500,1350),
(21,'Y8zRb','RisingSun','Asia',3500,20,5200,1500),
(22,'w3JkE','EuroElite','Europe',4300,10,6400,1000),
(23,'q6RzH','RusLegends','Russia',3650,44,0,1100),
(24,'M1bXp','Bosporus','Turkey',3700,47,6300,1900),
(25,'c9NdL','USAGuard','USA',2900,30,5600,1500),
(26,'D7sVf','WorldCup','Global',4800,49,5400,1000);


-- ===========================
-- CLAN_WAR
-- ===========================
INSERT INTO Clan_War (war_id, clan_id, type, week, result, place) VALUES
('WAR_001', 1, 'River Race', 1, 50, 1),
('WAR_002', 1, 'Colosseum', 5, 100, 2),
('WAR_003', 2, 'River Race', 2, -10, 4),
('WAR_004', 3, 'River Race', 3, 45, 1),
('WAR_005', 3, 'River Race', 4, 10, 3),
('WAR_006', 4, 'Colosseum', 5, 150, 1),
('WAR_007', 5, 'River Race', 1, -20, 5),
('WAR_008', 5, 'River Race', 2, 20, 3),
('WAR_009', 6, 'River Race', 3, 30, 2),
('WAR_010', 7, 'Colosseum', 5, -30, 4),
('WAR_011', 8, 'River Race', 4, 55, 1),
('WAR_012', 9, 'River Race', 1, -25, 5),
('WAR_013', 9, 'River Race', 2, 35, 2),
('WAR_014', 10, 'Colosseum', 5, 40, 3),
('WAR_015', 11, 'River Race', 3, -15, 4),
('WAR_016', 12, 'River Race', 1, 40, 1),
('WAR_017', 13, 'River Race', 4, -20, 5),
('WAR_018', 14, 'Colosseum', 5, 80, 2),
('WAR_019', 15, 'River Race', 2, 60, 1),
('WAR_020', 16, 'River Race', 3, 15, 3),
('WAR_021', 17, 'Colosseum', 5, -40, 4),
('WAR_022', 18, 'River Race', 1, 25, 2),
('WAR_023', 19, 'River Race', 4, 5, 3),
('WAR_024', 20, 'River Race', 2, 50, 1),
('WAR_025', 20, 'Colosseum', 5, 120, 1),
('WAR_026', 21, 'River Race', 3, -30, 5),
('WAR_027', 22, 'River Race', 1, 30, 2),
('WAR_028', 23, 'Colosseum', 5, -50, 4),
('WAR_029', 24, 'River Race', 2, 10, 3),
('WAR_030', 25, 'River Race', 4, 45, 1),
('WAR_031', 26, 'River Race', 3, 25, 2),
('WAR_032', 26, 'Colosseum', 5, 90, 2),
('WAR_033', 2, 'Colosseum', 5, 30, 3),
('WAR_034', 4, 'River Race', 2, -15, 4),
('WAR_035', 6, 'Colosseum', 5, 130, 1),
('WAR_036', 8, 'River Race', 3, -25, 5),
('WAR_037', 10, 'River Race', 1, 35, 2),
('WAR_038', 12, 'Colosseum', 5, 10, 3),
('WAR_039', 14, 'River Race', 4, 50, 1),
('WAR_040', 16, 'Colosseum', 5, 75, 2);

-- ===========================
-- CARDS
-- ===========================
INSERT INTO Card (card_id, card_name, rarity, elixir_cost, card_type) VALUES
(1,'Knight','Common',3,'Troop'),
(2,'Archers','Common',3,'Troop'),
(3,'Baby Dragon','Epic',4,'Troop'),
(4,'Mega Minion','Rare',3,'Troop'),
(5,'Inferno Tower','Rare',5,'Building'),
(6,'P.E.K.K.A','Epic',7,'Troop'),
(7,'Hog Rider','Rare',4,'Troop'),
(8,'Miner','Legendary',3,'Troop'),
(9,'Bandit','Legendary',3,'Troop'),
(10,'Electro Wizard','Legendary',4,'Troop'),
(11,'Royal Giant','Rare',6,'Troop'),
(12,'Fireball','Rare',4,'Spell'),
(13,'Zap','Common',2,'Spell'),
(14,'The Log','Legendary',2,'Spell'),
(15,'Goblin Barrel','Epic',3,'Spell'),
(16,'Skeleton Army','Rare',3,'Troop'),
(17,'Giant','Rare',5,'Troop'),
(18,'Valkyrie','Rare',4,'Troop'),
(19,'Wizard','Epic',5,'Troop'),
(20,'Musketeer','Rare',4,'Troop'),
(21,'Ice Spirit','Common',1,'Troop'),
(22,'Ice Golem','Rare',2,'Troop'),
(23,'Prince','Rare',5,'Troop'),
(24,'Mini P.E.K.K.A','Rare',4,'Troop'),
(25,'Balloon','Epic',5,'Troop'),
(26,'Lava Hound','Legendary',7,'Troop'),
(27,'Graveyard','Legendary',5,'Spell'),
(28,'Tornado','Epic',3,'Spell'),
(29,'Rocket','Epic',6,'Spell'),
(30,'Sparky','Legendary',6,'Troop'),
(31,'Fisherman','Legendary',3,'Troop'),
(32,'Ram Rider','Legendary',5,'Troop'),
(33,'Magic Archer','Legendary',3,'Troop'),
(34,'Night Witch','Epic',4,'Troop'),
(35,'Electro Dragon','Epic',5,'Troop'),
(36,'Goblin Gang','Common',3,'Troop'),
(37,'Dark Prince','Rare',4,'Troop'),
(38,'Tesla','Rare',4,'Building'),
(39,'Cannon Cart','Rare',5,'Troop'),
(40,'Royal Hogs','Epic',5,'Troop'),
(41,'Minion Horde','Rare',5,'Troop'),
(42,'Bats','Common',2,'Troop'),
(43,'Poison','Epic',4,'Spell'),
(44,'Hunter','Epic',4,'Troop'),
(45,'Skeletons','Common',1,'Troop'),
(46,'Goblins','Common',2,'Troop'),
(47,'Elite Barbarians','Epic',6,'Troop'),
(48,'Barbarians','Common',5,'Troop'),
(49,'Mega Knight','Legendary',7,'Troop'),
(50,'Furnace','Rare',4,'Building'),
(51,'Goblin Hut','Rare',5,'Building'),
(52,'Battle Ram','Rare',4,'Troop'),
(53,'Skeleton Barrel','Epic',3,'Troop'),
(54,'Heal Spirit','Common',1,'Troop'),
(55,'Ice Wizard','Legendary',3,'Troop'),
(56,'Clone','Epic',3,'Spell'),
(57,'Mirror','Epic',0,'Spell'),
(58,'Lumberjack','Legendary',4,'Troop'),
(59,'Inferno Dragon','Legendary',4,'Troop'),
(60,'Royal Ghost','Legendary',3,'Troop');

-- ===========================
-- DECKS
-- ===========================
INSERT INTO Deck (deck_id, deck_name) VALUES
(1, 'Hog 2.6 Cycle'),
(2, 'LavaLoon Classic'),
(3, 'Giant Double Prince'),
(4, 'PEKKA Bridge Spam'),
(5, 'Miner Poison Control'),
(6, 'Royal Giant FishBoy'),
(7, 'Balloon Cycle'),
(8, 'Giant Sparky'),
(9, 'Splashyard (Graveyard)'),
(10, 'Royal Hogs Split'),
(11, 'Mega Knight Zap Bait'),
(12, 'Ram Rider Bridge Spam'),
(13, 'E-Barbs Rage Bridge'),
(14, 'Fisherman Hunter Giant'),
(15, 'Log Bait (Classic)'),
(16, 'IceBow (X-Bow alt)'), 
(17, 'Royal Ghost Miner'),
(18, 'Golem Night Witch (Giant sub)'),
(19, 'Magic Archer RG'),
(20, 'Miner Inferno Control'),
(999, 'Unknown deck');

-- ===========================
-- DECK_CARD
-- ===========================
INSERT INTO Deck_Card (deck_id, card_id) VALUES
-- Deck 1: Hog 2.6 Cycle (Hog, Musk, Ice Golem, Ice Spirit, Skeletons, Fireball, Log, Tesla instead of Cannon)
(1,7), (1,20), (1,22), (1,21), (1,45), (1,12), (1,14), (1,38),

-- Deck 2: LavaLoon (Lava, Balloon, Mega Minion, Minion Horde, Fireball, Zap, Guards->GobGang, Tombstone->Tesla)
(2,26), (2,25), (2,4), (2,41), (2,12), (2,13), (2,36), (2,38),

-- Deck 3: Giant Double Prince (Giant, Prince, Dark Prince, Mega Minion, E-Wiz, Fireball, Zap, Miner)
(3,17), (3,23), (3,37), (3,4), (3,10), (3,12), (3,13), (3,8),

-- Deck 4: PEKKA Bridge Spam (Pekka, Battle Ram, Bandit, Ghost, E-Wiz, Magic Archer, Poison, Zap) - FULLY ACCURATE
(4,6), (4,52), (4,9), (4,60), (4,10), (4,33), (4,43), (4,13),

-- Deck 5: Miner Poison Control (Miner, Poison, Inferno Tower, Knight, Skeletons, Ice Spirit, Log, E-Wiz)
(5,8), (5,43), (5,5), (5,1), (5,45), (5,21), (5,14), (5,10),

-- Deck 6: Royal Giant FishBoy (RG, Fisherman, Hunter, Baby D, Log, Fireball, Skeletons, Electro Spirit->Ice Spirit)
(6,11), (6,31), (6,44), (6,3), (6,14), (6,12), (6,45), (6,21),

-- Deck 7: Balloon Cycle (Loon, Miner, Ice Golem, Musketeer, Tesla, Skeletons, Snowball->Zap, BarbBarrel->Log)
(7,25), (7,8), (7,22), (7,20), (7,38), (7,45), (7,13), (7,14),

-- Deck 8: Giant Sparky (Giant, Sparky, Mini Pekka, Wizard, Zap, Tornado, Bats, Dark Prince)
(8,17), (8,30), (8,24), (8,19), (8,13), (8,28), (8,42), (8,37),

-- Deck 9: Splashyard (Graveyard, Poison, Ice Wiz, Baby D, Tornado, Knight, Tombstone->Tesla, BarbBarrel->Log)
(9,27), (9,43), (9,55), (9,3), (9,28), (9,1), (9,38), (9,14),

-- Deck 10: Royal Hogs Split (Hogs, Musketeer, Hunter, Skeletons, Ice Spirit, Log, Fireball, Cannon->Tesla)
(10,40), (10,20), (10,44), (10,45), (10,21), (10,14), (10,12), (10,38),

-- Deck 11: Mega Knight Zap Bait (MK, Skeleton Barrel, Miner, Inferno Dragon, Goblin Gang, Bats, Zap, Spear Gobs->Goblins)
(11,49), (11,53), (11,8), (11,59), (11,36), (11,42), (11,13), (11,46),

-- Deck 12: Ram Rider Bridge Spam (Ram Rider, Bandit, Ghost, E-Wiz, Magic Archer, Fireball, Log, Lumberjack)
(12,32), (12,9), (12,60), (12,10), (12,33), (12,12), (12,14), (12,58),

-- Deck 13: E-Barbs Rage/Bridge (E-Barbs, Battle Ram, Heal Spirit, Bandit, Ghost, Magic Archer, Zap, Fireball)
(13,47), (13,52), (13,54), (13,9), (13,60), (13,33), (13,13), (13,12),

-- Deck 14: Fisherman Hunter Giant (Giant, Fisherman, Hunter, Fireball, Log, Electro Spirit->Ice Spirit, Skeletons, Mini Pekka)
(14,17), (14,31), (14,44), (14,12), (14,14), (14,21), (14,45), (14,24),

-- Deck 15: Log Bait Classic (Goblin Barrel, Princess->Archers, Knight, Inferno Tower, Rocket, Log, Goblin Gang, Ice Spirit)
(15,15), (15,2), (15,1), (15,5), (15,29), (15,14), (15,36), (15,21),

-- Deck 16: IceBow style (Tesla, Ice Wiz, Tornado, Rocket, Log, Skeletons, Knight, Archers - using Archers as win con substitute for XBow)
(16,38), (16,55), (16,28), (16,29), (16,14), (16,45), (16,1), (16,2),

-- Deck 17: Royal Ghost Miner (Miner, Ghost, Poison, Hunter, Fisherman, Log, Skeletons, Ice Spirit)
(17,8), (17,60), (17,43), (17,44), (17,31), (17,14), (17,45), (17,21),

-- Deck 18: Golem Beatdown substitute (Giant, Night Witch, Lumberjack, Baby Dragon, Mega Minion, Tornado, Lightning->Rocket, Barb Barrel->Log)
(18,17), (18,34), (18,58), (18,3), (18,4), (18,28), (18,29), (18,14),

-- Deck 19: Magic Archer RG (RG, Magic Archer, Fisherman, Hunter, Ghost, Fireball, Log, Skeletons)
(19,11), (19,33), (19,31), (19,44), (19,60), (19,12), (19,14), (19,45),

-- Deck 20: Miner Inferno Control (Miner, Inferno Tower, Poison, Log, Knight, Skeletons, Ice Spirit, E-Wiz)
(20,8), (20,5), (20,43), (20,14), (20,1), (20,45), (20,21), (20,10);




-- ===========================
-- TOURNAMENT
-- ===========================
INSERT INTO Tournament (tournament_id, tournament_name, location, start_date, end_date, type, prize) VALUES
    (1,'Royal Rift ClashFest','Online','2025-11-19','2025-11-20','Open','$1000'),
    (2,'Ultimate Royale Championship','London','2025-11-23','2025-11-24','Invitational','$2000'),
    (3,'Royal Champions Cup','Moscow','2025-12-08','2025-12-09','Regional','$500'),
    (4,'Elixir Legends Tournament','Istanbul','2025-11-29','2025-12-01','Open','In-game items'),
    (5,'Global Royale Invitational','Bangkok','2025-11-08','2025-11-09','Regional','$1000');


-- ===========================
-- MATCH
-- ===========================
INSERT INTO Match (match_id, tournament_id, player1_id, player2_id, winner_id, duration, date) VALUES
    (1,1,2,18,2,142,'2025-11-20'),
    (2,5,6,38,6,201,'2025-11-09'),
    (3,2,33,39,33,422,'2025-11-24'),
    (4,5,27,15,27,535,'2025-11-09'),
    (5,1,11,28,11,580,'2025-11-20'),
    (6,3,7,6,7,266,'2025-12-09'),
    (7,5,17,3,3,588,'2025-11-09'),
    (8,4,6,36,36,543,'2025-12-01'),
    (9,3,37,13,37,206,'2025-12-09'),
    (10,3,6,15,6,322,'2025-12-09'),
    (11,3,11,24,24,449,'2025-12-09'),
    (12,1,39,11,39,326,'2025-11-20'),
    (13,4,18,36,18,483,'2025-12-01'),
    (14,1,15,3,15,123,'2025-11-20'),
    (15,2,37,21,37,542,'2025-11-24'),
    (16,4,10,17,17,365,'2025-12-01'),
    (17,3,38,28,38,202,'2025-12-09'),
    (18,2,33,32,33,146,'2025-11-24'),
    (19,2,11,28,11,395,'2025-11-24'),
    (20,4,34,17,17,95,'2025-12-01'),
    (21,1,35,18,35,240,'2025-11-20'),
    (22,4,11,30,30,458,'2025-12-01'),
    (23,3,33,12,33,410,'2025-12-09'),
    (24,3,33,39,33,172,'2025-12-09'),
    (25,5,34,1,34,147,'2025-11-09'),
    (26,3,20,16,16,574,'2025-12-09'),
    (27,1,6,32,32,362,'2025-11-20'),
    (28,2,9,31,9,360,'2025-11-24'),
    (29,5,28,14,14,443,'2025-11-09'),
    (30,2,20,26,26,314,'2025-11-24'),
    (31,5,29,8,29,100,'2025-11-09'),
    (32,5,36,15,36,452,'2025-11-09'),
    (33,1,15,5,5,126,'2025-11-20'),
    (34,5,16,18,16,157,'2025-11-09'),
    (35,5,37,31,37,298,'2025-11-09'),
    (36,2,7,28,7,532,'2025-11-24'),
    (37,1,7,4,7,531,'2025-11-20'),
    (38,1,16,13,16,306,'2025-11-20'),
    (39,2,18,30,30,316,'2025-11-24'),
    (40,5,7,4,4,97,'2025-11-09'),
    (41,1,16,11,16,532,'2025-11-20'),
    (42,4,4,11,11,225,'2025-12-01'),
    (43,4,19,28,28,491,'2025-12-01'),
    (44,5,32,10,32,119,'2025-11-09'),
    (45,5,35,4,35,389,'2025-11-09'),
    (46,4,33,34,34,131,'2025-12-01'),
    (47,2,5,39,39,296,'2025-11-24'),
    (48,1,37,16,37,131,'2025-11-20'),
    (49,4,38,37,37,194,'2025-12-01'),
    (50,3,16,17,17,243,'2025-12-09'),
    (51,4,21,5,5,378,'2025-12-01'),
    (52,1,5,35,5,567,'2025-11-20'),
    (53,3,5,16,5,516,'2025-12-09'),
    (54,5,20,40,40,360,'2025-11-09'),
    (55,1,36,20,36,539,'2025-11-20'),
    (56,2,17,8,8,169,'2025-11-24'),
    (57,3,19,39,19,441,'2025-12-09'),
    (58,3,33,32,32,116,'2025-12-09'),
    (59,1,28,18,28,156,'2025-11-20'),
    (60,3,11,29,11,94,'2025-12-09'),
    (61,1,5,10,10,388,'2025-11-20'),
    (62,5,10,28,10,550,'2025-11-09'),
    (63,1,23,14,14,271,'2025-11-20'),
    (64,5,27,40,40,211,'2025-11-09'),
    (65,2,12,27,27,260,'2025-11-24'),
    (66,4,16,18,18,285,'2025-12-01'),
    (67,1,31,15,15,269,'2025-11-20'),
    (68,3,15,2,15,232,'2025-12-09'),
    (69,1,18,23,18,592,'2025-11-20'),
    (70,5,22,2,2,181,'2025-11-09'),
    (71,5,17,3,17,463,'2025-11-09'),
    (72,3,28,39,28,550,'2025-12-09'),
    (73,5,13,17,13,356,'2025-11-09'),
    (74,5,13,24,24,561,'2025-11-09'),
    (75,3,40,21,40,550,'2025-12-09'),
    (76,3,33,20,33,446,'2025-12-09'),
    (77,3,36,9,9,284,'2025-12-09'),
    (78,2,40,37,37,90,'2025-11-24'),
    (79,3,19,14,14,425,'2025-12-09'),
    (80,3,30,29,30,332,'2025-12-09'),
    (81,2,6,19,19,261,'2025-11-24'),
    (82,1,16,20,16,102,'2025-11-20'),
    (83,1,16,31,31,323,'2025-11-20'),
    (84,4,37,13,37,294,'2025-12-01'),
    (85,2,10,1,1,543,'2025-11-24'),
    (86,1,28,15,15,355,'2025-11-20'),
    (87,4,4,36,36,323,'2025-12-01'),
    (88,2,30,34,34,576,'2025-11-24'),
    (89,4,40,33,33,318,'2025-12-01'),
    (90,2,31,29,31,416,'2025-11-24'),
    (91,3,34,32,34,129,'2025-12-09'),
    (92,3,16,18,18,131,'2025-12-09'),
    (93,2,10,15,10,199,'2025-11-24'),
    (94,1,27,22,27,195,'2025-11-20'),
    (95,4,25,38,25,540,'2025-12-01'),
    (96,5,25,31,25,475,'2025-11-09'),
    (97,4,27,35,35,398,'2025-12-01'),
    (98,2,32,15,32,289,'2025-11-24'),
    (99,3,26,11,11,592,'2025-12-09'),
    (100,5,35,2,2,429,'2025-11-09');


-- ===========================
-- PLAYER_STATS
-- ===========================
INSERT INTO Player_Stats (match_id, player_id, deck_id, total_damage, crowns_earned, total_elixir_cost, count_cards_used) VALUES
    (1,2,2,10492,3,527,80),
    (1,18,18,1618,0,776,80),
    (2,6,6,10492,3,706,80),
    (2,38,6,1521,0,572,80),
    (3,33,1,7387,2,1313,80),
    (3,39,999,4164,1,2449,80),
    (4,27,7,8273,2,1111,62),
    (4,15,15,5161,1,2224,80),
    (5,11,11,9178,2,2668,80),
    (5,28,8,5269,1,2972,80),
    (6,7,7,5196,2,1542,80),
    (6,6,6,2559,1,744,80),
    (7,17,17,3346,0,1737,80),
    (7,3,3,10492,3,2289,80),
    (8,6,6,3188,0,2096,80),
    (8,36,4,10492,3,1642,80),
    (9,37,5,4204,2,1206,80),
    (9,13,13,2669,1,1003,80),
    (10,6,6,5375,2,783,72),
    (10,15,15,3294,1,677,63),
    (11,11,11,4685,1,1610,80),
    (11,24,4,7370,2,2182,80),
    (12,39,999,10492,3,1735,80),
    (12,11,11,2587,0,968,80),
    (13,18,18,7769,2,2125,80),
    (13,36,4,4964,1,1199,74),
    (14,15,15,2464,2,508,80),
    (14,3,3,1739,1,571,80),
    (15,37,5,10492,3,1823,80),
    (15,21,1,3623,0,2925,80),
    (16,10,10,3428,1,2132,80),
    (16,17,17,6253,2,1657,80),
    (17,38,6,4252,2,755,80),
    (17,28,8,2172,1,996,80),
    (18,33,1,3020,2,763,80),
    (18,32,12,2198,1,606,80),
    (19,11,11,6676,2,1726,80),
    (19,28,8,4308,1,1299,80),
    (20,34,2,813,0,295,80),
    (20,17,17,10492,3,361,80),
    (21,35,3,4643,2,1121,80),
    (21,18,18,2944,1,802,80),
    (22,11,11,4396,1,1809,80),
    (22,30,10,7298,2,1566,80),
    (23,33,1,10492,3,2263,80),
    (23,12,12,2586,0,1969,80),
    (24,33,1,10492,3,699,80),
    (24,39,999,1120,0,475,80),
    (25,34,2,10492,3,581,80),
    (25,1,1,1401,0,739,80),
    (26,20,20,5653,1,2274,80),
    (26,16,16,9464,2,2968,80),
    (27,6,6,2286,0,1309,80),
    (27,32,12,10492,3,1076,80),
    (28,9,9,6117,2,1517,80),
    (28,31,11,3764,1,1215,80),
    (29,28,8,4507,1,1509,80),
    (29,14,14,7240,2,1690,80),
    (30,20,20,3148,1,1533,80),
    (30,26,6,5219,2,1024,80),
    (31,29,9,2880,2,274,80),
    (31,8,8,1906,1,286,80),
    (32,36,4,7769,2,2669,80),
    (32,15,15,4619,1,1852,80),
    (33,15,15,982,0,671,80),
    (33,5,5,10492,3,401,80),
    (34,16,16,3207,2,758,80),
    (34,18,18,1670,1,393,75),
    (35,37,5,10492,3,1255,80),
    (35,31,11,1795,0,1427,80),
    (36,7,7,10492,3,2108,80),
    (36,28,8,3680,0,2921,80),
    (37,7,7,8614,2,1997,80),
    (37,4,4,5138,1,1453,80),
    (38,16,16,10492,3,751,73),
    (38,13,13,2269,0,691,67),
    (39,18,18,3518,1,1499,80),
    (39,30,10,5768,2,823,78),
    (40,7,7,1487,1,579,80),
    (40,4,4,2145,2,239,73),
    (41,16,16,8768,2,2746,80),
    (41,11,11,5266,1,1544,80),
    (42,4,4,2661,1,717,80),
    (42,11,11,4303,2,979,80),
    (43,19,19,4910,1,1100,67),
    (43,28,8,8209,2,2867,80),
    (44,32,12,10492,3,336,80),
    (44,10,10,1626,0,338,80),
    (45,35,3,6306,2,1048,80),
    (45,4,4,3757,1,894,68),
    (46,33,1,1366,0,623,80),
    (46,34,2,10492,3,508,80),
    (47,5,5,2025,0,1429,80),
    (47,39,999,10492,3,1424,80),
    (48,37,5,3237,2,746,80),
    (48,16,16,1687,1,674,80),
    (49,38,6,2629,1,717,80),
    (49,37,5,3618,2,810,80),
    (50,16,16,2616,1,555,68),
    (50,17,17,4247,2,647,79),
    (51,21,1,4190,1,2148,80),
    (51,5,5,6574,2,1420,80),
    (52,5,5,8949,2,2046,80),
    (52,35,3,5652,1,1751,80),
    (53,5,5,8372,2,2266,80),
    (53,16,16,4610,1,2867,80),
    (54,20,20,3898,1,757,63),
    (54,40,999,5996,2,1049,80),
    (55,36,4,8835,2,3127,80),
    (55,20,20,5313,1,3233,80),
    (56,17,17,2027,1,365,64),
    (56,8,8,3656,2,849,80),
    (57,19,19,7541,2,2497,80),
    (57,39,999,4380,1,1202,80),
    (58,33,1,1978,1,681,80),
    (58,32,12,2827,2,450,80),
    (59,28,8,3212,2,377,72),
    (59,18,18,2334,1,412,79),
    (60,11,11,2523,2,437,80),
    (60,29,9,1447,1,338,80),
    (61,5,5,3541,1,912,70),
    (61,10,10,6597,2,1167,80),
    (62,10,10,10492,3,1989,80),
    (62,28,8,3791,0,2232,80),
    (63,23,3,3241,1,1042,80),
    (63,14,14,5049,2,600,66),
    (64,27,7,2725,1,842,80),
    (64,40,999,4428,2,795,80),
    (65,12,12,1823,0,1091,80),
    (65,27,7,10492,3,1484,80),
    (66,16,16,3395,1,708,74),
    (66,18,18,5186,2,1679,80),
    (67,31,11,2797,1,708,78),
    (67,15,15,5192,2,1130,80),
    (68,15,15,4042,2,1384,80),
    (68,2,2,2486,1,1311,80),
    (69,18,18,9108,2,3154,80),
    (69,23,3,5799,1,2364,80),
    (70,22,2,2369,1,559,80),
    (70,2,2,3956,2,966,80),
    (71,17,17,7430,2,1946,80),
    (71,3,3,4571,1,1636,80),
    (72,28,8,8920,2,3034,80),
    (72,39,999,5564,1,3000,80),
    (73,13,13,10492,3,1195,80),
    (73,17,17,2454,0,1833,80),
    (74,13,13,3057,0,1756,80),
    (74,24,4,10492,3,1791,80),
    (75,40,999,9075,2,3003,80),
    (75,21,1,5301,1,2082,80),
    (76,33,1,7284,2,2252,80),
    (76,20,20,4533,1,1564,80),
    (77,36,4,2865,1,839,80),
    (77,9,9,5390,2,1003,80),
    (78,40,999,1540,1,294,80),
    (78,37,5,2003,2,350,80),
    (79,19,19,4190,1,2530,80),
    (79,14,14,7045,2,2197,80),
    (80,30,10,5503,2,1945,80),
    (80,29,9,3563,1,831,75),
    (81,6,6,2827,1,1434,80),
    (81,19,19,4456,2,981,80),
    (82,16,16,2595,2,498,80),
    (82,20,20,1231,1,371,80),
    (83,16,16,3142,1,1252,80),
    (83,31,11,5298,2,1898,80),
    (84,37,5,5525,2,1352,80),
    (84,13,13,3159,1,1589,80),
    (85,10,10,5290,1,3158,80),
    (85,1,1,8691,2,2447,80),
    (86,28,8,3739,1,760,64),
    (86,15,15,6224,2,807,68),
    (87,4,4,3278,1,1610,80),
    (87,36,4,5454,2,1206,80),
    (88,30,10,3778,0,2773,80),
    (88,34,2,10492,3,1383,72),
    (89,40,999,2146,0,1785,80),
    (89,33,1,10492,3,694,65),
    (90,31,11,6824,2,1455,80),
    (90,29,9,4095,1,1074,77),
    (91,34,2,3085,2,666,80),
    (91,32,12,2130,1,345,80),
    (92,16,16,1296,0,586,80),
    (92,18,18,10492,3,388,80),
    (93,10,10,3632,2,765,80),
    (93,15,15,2229,1,600,80),
    (94,27,7,10492,3,1091,80),
    (94,22,2,1234,0,752,80),
    (95,25,5,10492,3,1421,78),
    (95,38,6,3509,0,2034,80),
    (96,25,5,7950,2,2163,80),
    (96,31,11,4506,1,1756,80),
    (97,27,7,2549,0,1113,80),
    (97,35,3,10492,3,1408,80),
    (98,32,12,4988,2,1239,80),
    (98,15,15,3102,1,1242,80),
    (99,26,6,5438,1,3499,80),
    (99,11,11,9010,2,2742,80),
    (100,35,3,2974,0,2342,80),
    (100,2,2,10492,3,2193,80);


-- ===========================
-- PLAYER_PENALTY
-- ===========================
INSERT INTO Player_Penalty (penalty_id, player_id, tournament_id, match_id, type, severity, reason, rule_code) VALUES
    (1,4,5,96,'Warning',1,'Late to match','R01'),
    (2,32,3,100,'Suspension',3,'Repeated AFK','R05'),
    (3,15,5,46,'Disqualification',5,'Viewed opponent deck and used counter','R09'),
    (4,15,2,80,'Ban',10,'Use of third-party software','R12');


-- ===========================
-- PLAYER_TOURNAMENT
-- ===========================
INSERT INTO Player_Tournament (player_id, tournament_id, registration_date, status, final_rank) VALUES
    (17,2,'2025-11-21','finished',1),
    (4,2,'2025-11-24','finished',2),
    (13,2,'2025-11-26','finished',3),
    (7,2,'2025-11-16','finished',4),
    (40,2,'2025-11-21','finished',5),
    (8,2,'2025-11-02','eliminated',6),
    (29,2,'2025-11-14','eliminated',7),
    (39,2,'2025-11-03','eliminated',8),
    (2,2,'2025-11-01','registered',9),
    (6,2,'2025-11-21','registered',10),
    (22,2,'2025-11-05','registered',11),
    (36,2,'2025-11-19','registered',12),

    (5,4,'2025-11-15','finished',1),
    (20,4,'2025-11-02','finished',2),
    (25,4,'2025-11-12','finished',3),
    (26,4,'2025-11-24','eliminated',4),
    (27,4,'2025-11-11','eliminated',5),
    (6,4,'2025-11-04','registered',6),
    (10,4,'2025-11-03','registered',7),
    (15,4,'2025-11-28','registered',8),
    (29,4,'2025-11-08','registered',9),

    (27,3,'2025-11-28','finished',1),
    (8,3,'2025-11-22','finished',2),
    (24,3,'2025-11-19','finished',3),
    (11,3,'2025-11-27','eliminated',4),
    (26,3,'2025-11-07','eliminated',5),
    (38,3,'2025-11-01','eliminated',6),
    (28,3,'2025-11-22','eliminated',7),
    (39,3,'2025-11-01','eliminated',8),
    (6,3,'2025-11-11','registered',9),
    (35,3,'2025-11-26','registered',10),
    (20,3,'2025-11-12','registered',11),

    (17,1,'2025-11-21','finished',1),
    (32,1,'2025-11-04','finished',2),
    (27,1,'2025-11-27','finished',3),
    (36,1,'2025-11-19','finished',4),
    (6,1,'2025-11-05','finished',5),
    (39,1,'2025-11-09','registered',6),
    (30,1,'2025-11-02','eliminated',7),
    (28,1,'2025-11-16','registered',8),
    (7,1,'2025-11-28','eliminated',9),
    (15,1,'2025-11-12','registered',10),
    (10,1,'2025-11-03','eliminated',11),
    (22,1,'2025-11-15','registered',12),
    (18,1,'2025-11-23','registered',13),

    (24,5,'2025-11-29','registered',1),
    (29,5,'2025-11-08','finished',2),
    (37,5,'2025-11-07','finished',3),
    (18,5,'2025-11-08','finished',4),
    (39,5,'2025-11-10','finished',5),
    (40,5,'2025-11-18','eliminated',6),
    (19,5,'2025-11-10','registered',7),
    (32,5,'2025-11-15','eliminated',8),
    (14,5,'2025-11-04','eliminated',9),
    (10,5,'2025-11-22','registered',10);
